reserva_id,servicio_id,cantidad
4,3,1
8,3,3
10,3,1
12,3,3
15,2,1
16,1,1
19,5,2
20,1,2
21,3,2
23,1,2
24,5,1
29,1,2
30,4,1
31,2,2
34,3,3
36,1,3
37,2,3
41,3,3
43,5,3
44,4,2
45,2,2
46,2,1
50,2,2
51,3,2
52,2,1
55,3,3
57,1,1
60,1,1
61,1,1
64,1,2
67,5,2
71,1,1
73,3,1
74,2,2
75,2,1
78,3,2
82,4,2
83,1,3
93,2,3
98,3,3
100,5,2
101,2,1
105,5,1
112,4,3
114,3,2
117,3,2
118,4,2
120,1,1
121,3,1
126,5,2
129,4,3
132,5,1
133,2,2
134,2,3
137,3,3
139,4,1
140,4,2
142,1,3
143,2,2
146,5,1
147,3,1
151,3,3
152,3,3
153,4,1
155,1,2
156,3,3
158,5,1
160,5,1
165,1,2
166,5,2
167,1,1
171,4,1
173,2,3
177,1,3
180,3,2
182,1,2
183,1,1
188,5,2
190,4,3
191,1,3
193,5,2
199,1,3
201,5,2
203,4,2
206,4,1
208,4,1
215,4,3
216,2,3
219,5,2
221,1,1
223,3,3
224,3,1
225,5,3
226,1,3
228,4,3
233,5,1
235,3,3
240,4,3
241,1,1
242,2,3
243,2,3
244,2,3
248,1,1
252,1,1
253,5,2
254,2,1
258,5,2
262,2,3
263,3,3
266,1,3
267,2,3
269,5,1
270,5,3
271,4,2
272,1,3
275,4,1
277,1,2
278,3,2
281,5,2
282,1,1
286,1,3
289,4,3
295,5,3
297,3,1
300,5,1
307,3,2
308,2,3
312,2,3
316,5,2
319,2,3
320,2,2
321,1,1
323,5,1
325,2,2
329,2,3
330,3,1
334,5,1
336,3,1
337,4,1
338,5,3
343,1,3
344,4,3
345,5,3
347,3,3
348,4,2
355,2,1
357,3,1
359,4,2
361,4,2
362,3,3
370,1,1
371,1,1
372,3,3
374,5,1
375,4,1
377,1,1
382,2,1
383,3,2
384,1,1
385,2,1
387,1,3
388,3,1
389,3,3
391,3,2
394,5,2
402,4,3
403,5,3
405,1,2
406,2,1
407,3,2
411,4,3
413,2,3
414,2,1
415,1,2
424,1,1
426,5,2
427,1,3
428,3,1
429,1,2
431,5,1
432,2,2
438,1,2
442,2,2
443,2,3
444,3,2
445,4,1
447,5,1
449,1,2
450,3,2
451,5,3
455,4,2
456,3,2
459,4,2
462,5,1
463,5,3
466,3,1
467,4,3
468,3,1
471,3,3
473,4,1
474,3,3
476,5,1
478,5,1
481,3,1
484,5,3
485,2,2
487,4,3
489,4,3
490,3,1
491,1,2
492,5,2
493,2,2
494,3,1
495,4,2
496,5,2
497,2,3
502,2,1
503,1,2
504,5,2
509,3,1
513,2,2
515,1,1
518,5,1
520,3,1
522,3,2
527,1,3
529,5,1
531,3,2
534,1,2
535,1,1
536,2,3
539,2,2
540,5,3
541,4,1
542,1,1
543,1,3
545,2,2
547,4,1
549,2,3
552,2,3
553,3,1
555,3,2
558,5,2
560,4,2
561,2,2
563,3,3
564,2,3
565,2,1
567,4,3
568,4,2
569,1,3
570,3,2
571,2,2
573,2,3
578,2,1
583,3,1
585,5,1
587,3,3
589,2,2
592,2,3
596,2,3
598,4,1
599,1,1
600,2,3
601,2,3
602,3,1
607,5,3
608,3,2
609,5,2
610,1,1
613,4,1
614,5,1
615,3,2
620,3,1
621,3,1
624,5,1
626,5,2
627,2,2
628,2,1
636,3,2
647,2,2
650,5,1
652,4,2
653,3,3
657,3,3
658,1,3
660,2,2
661,4,2
662,1,1
666,1,2
671,5,2
672,2,2
679,4,1
682,3,2
684,2,3
687,2,1
691,3,2
696,1,3
697,4,1
698,1,3
699,4,1
701,1,2
703,2,1
705,3,3
706,2,3
711,4,3
712,3,2
713,1,2
714,5,2
715,3,3
716,5,3
721,2,3
722,4,2
724,5,3
725,5,2
728,1,2
729,5,3
735,5,3
739,3,3
741,1,3
743,2,1
744,1,2
745,3,2
749,3,3
751,4,1
752,3,3
758,3,2
759,1,1
761,5,2
763,4,3
767,5,2
769,2,1
772,3,1
773,5,3
779,2,2
780,5,3
786,5,1
788,5,2
789,5,1
791,3,3
793,5,3
797,3,2
798,5,2
800,3,3
801,2,2
804,5,2
806,1,3
810,6,2
812,6,2
814,2,2
815,6,3
817,4,1
822,4,1
825,6,2
826,3,3
829,3,1
830,2,1
832,6,3
833,3,1
835,2,3
839,1,2
840,2,2
842,3,1
843,1,1
844,3,1
845,5,1
846,5,3
847,4,2
849,2,2
850,2,3
860,4,3
862,6,3
870,2,3
878,5,2
879,5,2
880,6,3
883,4,2
884,3,3
885,3,3
886,2,3
894,10,3
900,10,1
901,10,3
903,3,2
904,2,3
905,4,2
906,10,3
908,10,1
910,2,2
911,5,3
913,3,2
914,4,1
918,5,3
923,10,2
924,4,1
925,5,2
926,4,3
929,3,3
930,3,3
935,4,3
940,4,2
941,10,1
944,2,2
946,5,1
947,5,2
948,3,3
949,3,3
950,1,2
951,4,2
952,5,2
958,5,1
959,10,2
960,10,2
969,2,2
970,4,2
975,3,2
977,4,1
978,4,1
982,10,2
985,4,1
988,2,2
989,2,3
991,3,1
992,3,3
994,10,3
1000,5,3
1004,10,3
1007,10,2
1008,10,2
1011,5,2
1015,4,1
1016,3,3
1019,10,2
1021,4,2
1024,2,1
1026,4,2
1028,10,2
1031,5,1
1034,5,1
1038,4,1
1041,2,2
1042,10,2
1043,1,3
1047,5,2
1051,5,2
1056,3,3
1057,5,2
1059,3,3
1060,3,3
1061,10,2
1066,19,3
1069,19,2
1070,4,2
1071,5,2
1076,19,1
1078,3,2
1080,2,3
1081,19,3
1084,19,1
1085,19,2
1092,1,3
1093,5,3
1094,3,3
1096,5,2
1098,3,1
1099,4,2
1100,19,1
1104,3,3
1106,4,1
1108,2,3
1111,4,2
1113,19,3
1114,1,3
1116,19,1
1118,2,2
1120,19,2
1121,4,1
1126,19,2
1128,2,1
1133,4,1
1134,4,1
1142,4,1
1145,3,3
1146,5,3
1148,19,2
1149,3,3
1152,4,2
1155,2,1
1159,3,2
1160,2,2
1161,5,3
1162,2,1
1166,2,2
1168,3,3
1171,2,3
1172,3,2
1173,2,1
1174,2,2
1175,2,3
1180,2,3
1184,2,3
1186,19,1
1187,5,1
1191,4,3
1194,5,3
1196,5,1
1202,19,3
1203,5,2
1207,1,2
1208,3,3
1213,3,3
1215,5,3
1221,4,3
1223,3,2
1225,2,3
1226,5,3
1229,5,2
1230,5,1
1237,2,1
1242,4,2
1246,4,1
1249,5,2
1250,5,2
1254,2,2
1256,3,2
1257,4,2
1260,2,2
1261,3,2
1263,1,1
1265,5,2
1267,3,2
1269,5,3
1270,5,1
1274,1,1
1276,1,2
1279,2,3
1280,5,2
1281,3,3
1282,3,1
1283,5,2
1284,3,2
1285,1,3
1286,5,2
1291,1,2
1292,4,3
1293,4,3
1296,4,3
1298,1,3
1302,1,1
1308,4,2
1309,3,1
1312,3,2
1314,2,1
1315,3,1
1319,4,3
1320,4,3
1321,5,3
1322,3,1
1324,1,3
1325,3,3
1327,2,2
1328,2,1
1330,5,3
1332,4,3
1334,2,1
1335,3,1
1336,1,1
1338,5,1
1340,3,1
1341,5,3
1342,5,2
1345,5,1
1348,7,3
1349,7,1
1355,4,3
1356,2,3
1357,2,2
1359,5,2
1362,3,2
1365,4,1
1366,4,1
1371,5,3
1372,7,1
1373,4,2
1377,3,1
1384,7,2
1386,5,3
1388,4,2
1389,2,2
1393,2,3
1395,3,2
1398,1,2
1399,9,3
1406,5,2
1414,5,3
1416,9,3
1420,5,2
1434,2,2
1436,5,3
1437,5,2
1439,4,2
1448,3,1
1449,4,2
1453,5,1
1457,3,1
1458,2,3
1461,2,3
1467,5,3
1470,4,1
1480,2,3
1482,4,2
1484,2,1
1486,3,3
1489,4,1
1490,2,1
1491,1,1
1492,1,1
1495,5,1
1496,5,2
1497,4,2
1499,2,3
1501,3,1
1504,1,1
1507,2,2
1508,5,1
1509,4,1
1510,3,2
1513,5,1
1515,4,2
1517,1,1
1519,3,1
1520,2,3
1522,1,1
1523,2,1
1525,1,1
1528,5,2
1532,2,2
1533,1,1
1534,3,3
1535,1,1
1537,5,2
1538,2,1
1539,5,2
1541,2,3
1550,1,3
1555,4,1
1556,1,3
1560,3,2
1562,1,2
1565,3,1
1567,3,3
1574,2,3
1578,2,3
1581,5,1
1583,2,1
1586,4,3
1589,4,2
1591,2,2
1597,1,2
1600,2,1
1602,5,2
1605,4,3
1611,2,1
1614,2,3
1616,3,1
1617,1,2
1621,8,1
1622,4,3
1624,5,2
1627,1,2
1628,5,3
1629,4,3
1630,4,1
1631,4,2
1634,4,1
1636,5,3
1637,2,1
1638,3,1
1639,3,1
1640,2,2
1644,1,3
1645,1,3
1646,2,1
1649,5,1
1651,8,2
1653,3,3
1655,5,2
1661,3,3
1664,5,3
1666,1,3
1667,3,2
1668,5,1
1669,5,1
1670,8,2
1673,5,2
1676,5,1
1677,5,2
1681,4,3
1684,3,3
1687,5,2
1692,4,1
1697,3,3
1700,2,1
1701,5,3
1703,2,1
1708,3,2
1709,4,1
1710,3,3
1712,5,1
1713,4,2
1714,3,2
1718,4,3
1721,2,3
1725,2,2
1728,1,3
1729,4,2
1731,3,2
1733,2,1
1734,3,3
1735,4,1
1736,4,3
1739,2,3
1741,5,3
1743,3,2
1744,5,1
1746,3,2
1747,5,1
1750,4,3
1751,4,3
1752,2,2
1754,1,2
1759,2,2
1761,2,2
1765,3,2
1771,5,2
1772,5,2
1773,5,3
1777,8,1
1780,2,2
1781,4,2
1782,4,1
1785,4,1
1788,4,2
1791,1,2
1795,2,2
1796,4,2
1797,3,2
1805,2,1
1806,2,1
1807,5,3
1808,3,3
1810,3,3
1813,2,2
1814,5,3
1815,5,3
1817,4,3
1820,5,3
1823,2,3
1824,4,2
1826,2,1
1829,3,1
1831,4,1
1832,4,3
1833,5,3
1835,5,1
1836,2,1
1842,1,2
1843,3,2
1844,4,1
1845,8,1
1847,3,2
1849,4,1
1853,5,1
1856,4,2
1861,3,3
1863,5,1
1865,2,3
1870,3,2
1872,5,3
1875,4,1
1880,1,2
1886,4,2
1887,2,1
1888,2,3
1896,2,3
1898,2,2
1904,1,2
1907,2,1
1911,3,2
1912,2,2
1914,4,1
1916,3,2
1917,2,1
1918,5,2
1919,5,1
1922,5,2
1923,3,2
1926,2,1
1928,4,3
1930,1,1
1933,5,3
1935,2,3
1939,3,3
1945,4,1
1946,1,2
1948,1,1
1950,2,1
1951,4,2
1952,5,2
1955,1,2
1957,3,1
1958,3,1
1959,2,3
1961,5,3
1962,2,2
1971,2,1
1977,4,1
1978,3,2
1979,4,2
1981,2,3
1982,8,3
1985,5,2
1987,4,2
1988,3,1
1991,4,1
1992,3,2
1993,5,1
1994,5,3
1997,1,3
1998,5,1
1999,3,3
2006,1,3
2009,5,1
2015,5,3
2021,1,3
2022,4,1
2024,4,2
2025,5,3
2030,5,3
2033,4,1
2034,1,3
2035,5,1
2036,4,3
2039,3,2
2040,2,3
2041,5,1
2044,1,3
2046,2,1
2049,1,2
2053,5,3
2054,4,1
2056,1,2
2057,4,1
2058,4,3
2064,4,2
2065,2,2
2070,3,3
2076,5,2
2079,8,1
2082,2,2
2083,4,1
2084,3,2
2088,3,3
2091,5,3
2093,2,2
2100,2,1
2102,5,2
2103,2,1
2104,5,3
2105,4,3
2107,4,1
2108,2,3
2111,5,3
2113,4,1
2114,4,3
2120,3,3
2124,2,1
2127,1,3
2129,4,3
2132,5,3
2137,3,1
2141,5,1
2142,5,3
2145,2,2
2147,5,2
2150,1,2
2152,3,3
2153,4,2
2157,5,2
2160,3,3
2161,5,1
2166,2,2
2167,2,2
2172,3,3
2174,2,1
2176,4,1
2177,5,1
2179,3,2
2183,3,3
2189,3,1
2192,1,3
2193,2,2
2196,1,3
2198,2,2
2200,2,2
2202,5,1
2207,4,3
2213,8,1
2218,3,2
2220,5,3
2222,3,3
2224,2,2
2225,1,2
2227,5,2
2231,1,3
2237,5,1
2238,5,1
2241,5,1
2243,5,3
2247,4,1
2249,1,1
2250,4,3
2254,3,2
2257,1,1
2265,2,3
2266,2,2
2268,4,3
2269,4,1
2271,3,2
2272,1,1
2273,1,3
2274,4,3
2278,4,3
2279,2,2
2280,8,1
2281,12,2
2285,5,3
2286,2,3
2287,5,1
2288,5,2
2291,5,1
2292,3,3
2293,4,1
2296,5,3
2299,3,3
2301,5,2
2304,12,2
2305,2,3
2308,2,3
2311,2,3
2313,3,2
2315,3,3
2316,3,2
2317,3,1
2321,4,1
2323,3,3
2325,1,1
2336,3,2
2337,5,2
2338,3,1
2341,4,3
2343,4,1
2344,3,3
2347,2,2
2349,1,2
2352,5,1
2354,5,1
2359,3,3
2361,4,1
2364,5,2
2365,4,3
2366,1,1
2370,4,3
2373,4,2
2375,12,1
2376,5,3
2378,5,1
2379,3,2
2382,3,1
2383,3,3
2384,1,1
2388,1,2
2389,3,1
2390,5,1
2392,5,3
2393,4,1
2395,4,3
2396,5,3
2398,5,2
2399,2,1
2402,3,2
2406,2,3
2410,4,1
2411,4,2
2423,5,3
2425,2,1
2427,3,2
2431,5,2
2432,2,1
2433,5,1
2435,4,2
2437,4,2
2438,5,1
2440,3,3
2441,12,1
2445,4,1
2448,4,2
2454,1,2
2455,2,1
2457,5,1
2460,2,2
2462,2,2
2464,1,2
2466,3,1
2468,1,3
2472,12,2
2473,5,3
2476,2,1
2477,3,3
2478,4,2
2481,1,1
2484,12,3
2485,12,1
2488,4,1
2489,12,3
2492,12,2
2493,3,1
2494,2,3
2496,1,1
2501,5,1
2502,13,1
2505,13,2
2507,5,1
2510,13,1
2511,13,2
2512,4,3
2515,4,2
2517,5,2
2520,2,2
2522,2,2
2523,2,2
2525,4,3
2528,2,3
2529,3,2
2530,5,1
2533,4,1
2535,3,1
2540,5,1
2541,3,2
2543,13,2
2545,4,2
2549,4,1
2551,1,1
2552,2,3
2554,4,3
2555,5,1
2556,4,3
2557,4,3
2559,18,2
2561,5,2
2562,4,2
2563,4,2
2565,3,2
2566,5,2
2567,5,1
2568,2,2
2571,5,3
2574,2,1
2575,5,3
2576,18,2
2585,3,3
2589,4,1
2590,2,1
2591,4,3
2600,2,1
2607,18,3
2612,3,2
2615,18,2
2617,2,2
2626,18,2
2629,3,1
2635,4,3
2638,18,2
2641,18,1
2643,18,3
2645,18,2
2648,2,1
2649,4,3
2650,3,2
2651,3,2
2652,2,2
2653,18,1
2656,5,1
2658,18,1
2659,2,3
2666,4,3
2668,4,2
2670,5,2
2674,1,2
2684,2,1
2686,18,3
2690,2,2
2692,5,1
2694,4,2
2703,4,2
2708,3,2
2711,3,3
2712,18,3
2717,18,3
2719,3,2
2720,1,1
2727,4,2
2728,3,2
2729,2,2
2731,2,3
2735,18,1
2740,3,1
2742,2,2
2747,3,3
2752,5,2
2755,2,1
2756,5,3
2758,3,1
2759,1,2
2761,2,2
2762,2,2
2763,1,2
2768,4,2
2770,2,3
2773,18,1
2775,4,1
2777,4,1
2778,1,3
2779,5,3
2783,3,2
2788,2,1
2791,4,3
2796,5,1
2800,18,2
2802,18,1
2804,2,1
2808,5,2
2811,4,2
2812,4,1
2813,3,2
2817,3,2
2824,1,3
2825,5,1
2827,18,2
2831,3,1
2835,2,2
2838,5,3
2840,3,3
2844,18,1
2847,5,1
2849,5,1
2850,2,3
2856,5,3
2858,18,3
2862,5,3
2863,1,3
2866,2,2
2868,18,1
2874,1,2
2875,4,3
2876,3,2
2877,18,1
2879,4,1
2882,3,1
2884,18,2
2885,1,2
2886,3,3
2888,5,1
2893,18,1
2895,3,3
2897,5,1
2898,2,2
2900,3,1
2901,5,2
2903,5,1
2905,1,1
2908,1,3
2913,4,2
2914,2,2
2915,3,1
2916,2,3
2918,2,2
2919,2,3
2920,2,2
2922,2,1
2924,4,1
2926,2,1
2927,2,1
2929,2,1
2930,4,2
2931,4,3
2934,2,2
2937,4,1
2938,5,3
2939,5,1
2943,2,2
2944,2,3
2946,5,2
2947,2,3
2949,18,3
2950,4,2
2952,18,3
2953,2,2
2957,3,2
2958,5,2
2959,3,1
2966,2,1
2968,2,1
2970,4,3
2973,5,2
2974,5,1
2976,4,2
2977,2,2
2978,4,3
2980,3,2
2981,4,1
2984,1,3
2988,3,2
2989,3,2
2990,2,2
2992,1,3
2995,2,2
2996,2,1
2999,1,1
3004,2,3
3008,4,3
3014,4,1
3027,2,3
3029,18,1
3031,5,2
3033,2,2
3034,5,1
3035,4,2
3036,5,3
3037,3,3
3039,2,1
3041,2,3
3043,4,2
3045,2,3
3047,5,1
3050,3,3
3053,4,2
3060,5,2
3066,5,1
3067,4,1
3068,2,2
3069,1,3
3072,2,3
3073,3,3
3075,1,2
3076,5,3
3079,2,3
3081,3,1
3084,4,1
3087,5,2
3088,5,3
3090,5,1
3091,1,1
3092,3,1
3093,4,1
3097,4,3
3098,2,3
3099,4,3
3106,18,1
3108,2,1
3113,2,2
3114,2,1
3116,4,3
3117,3,1
3119,2,1
3120,2,2
3122,5,3
3123,3,2
3125,3,3
3129,18,2
3130,5,2
3134,1,2
3135,2,1
3144,2,3
3147,5,2
3150,2,1
3156,3,1
3158,3,1
3159,3,1
3160,3,3
3161,2,1
3163,4,2
3166,4,1
3168,1,2
3169,3,1
3170,5,2
3171,5,3
3177,1,2
3179,4,3
3180,2,2
3185,1,2
3191,4,3
3192,5,2
3195,3,2
3198,1,1
3200,4,3
3201,5,2
3204,3,2
3206,3,2
3209,1,1
3211,2,2
3217,2,3
3218,1,2
3220,3,1
3221,4,3
3222,3,2
3223,4,2
3225,1,1
3226,1,1
3227,2,1
3228,4,2
3230,1,3
3231,1,2
3233,5,3
3234,5,3
3235,3,1
3238,1,3
3239,4,1
3240,5,2
3241,5,1
3245,4,1
3252,4,2
3253,4,2
3255,4,1
3257,1,2
3258,2,1
3265,5,2
3266,3,1
3271,2,3
3273,2,2
3281,2,2
3283,1,3
3290,4,3
3295,4,3
3297,3,3
3301,2,2
3302,5,1
3304,3,3
3305,5,2
3308,2,1
3310,3,2
3313,3,3
3314,1,3
3318,4,1
3319,5,3
3320,4,1
3323,2,1
3324,3,2
3326,1,2
3328,4,2
3329,3,3
3330,3,3
3333,3,1
3336,5,1
3337,4,2
3339,4,3
3341,1,2
3345,1,3
3349,4,1
3350,2,3
3354,5,3
3357,1,2
3361,1,3
3363,1,3
3369,4,1
3373,4,2
3374,2,2
3376,4,3
3377,2,2
3378,2,3
3380,4,1
3383,2,3
3387,4,3
3388,1,1
3395,4,1
3407,1,1
3408,2,3
3409,3,3
3412,5,1
3416,2,1
3419,3,2
3420,5,1
3422,3,1
3423,5,3
3424,3,1
3425,5,1
3426,1,2
3429,3,2
3435,5,3
3441,2,1
3442,1,2
3446,2,3
3447,1,1
3454,1,1
3457,5,2
3459,4,1
3460,1,3
3461,1,3
3469,5,1
3471,1,2
3472,5,1
3473,4,3
3479,5,2
3483,4,1
3484,5,3
3488,1,3
3489,3,2
3490,1,1
3494,1,2
3495,4,2
3496,5,3
3498,2,3
3499,4,1
3503,3,3
3506,3,3
3507,2,1
3511,2,1
3513,5,3
3518,5,2
3521,1,3
3522,4,1
3526,4,1
3529,2,3
3530,3,1
3534,4,2
3542,4,1
3543,5,3
3544,2,2
3546,2,1
3548,1,1
3551,5,3
3557,1,1
3558,3,3
3559,4,3
3560,5,1
3561,3,3
3562,5,1
3567,3,2
3568,3,2
3570,4,2
3571,2,3
3573,4,1
3574,4,3
3576,1,3
3577,1,3
3580,4,2
3583,4,3
3584,1,2
3587,3,2
3590,1,1
3597,3,2
3599,5,1
3600,3,2
3601,1,3
3603,5,2
3605,3,1
3606,3,3
3611,5,1
3613,3,2
3615,5,1
3619,2,1
3620,5,3
3623,2,3
3625,4,1
3629,2,3
3630,3,1
3631,2,3
3633,5,2
3634,4,2
3636,1,3
3637,5,1
3638,5,2
3640,5,3
3644,2,2
3646,4,3
3648,3,3
3656,5,1
3660,4,3
3661,5,3
3663,5,1
3665,5,3
3666,4,2
3667,4,1
3668,4,2
3669,3,3
3672,1,1
3673,5,1
3674,4,2
3675,4,2
3676,2,1
3677,5,1
3679,4,1
3680,5,1
3681,2,3
3684,3,2
3685,5,2
3686,4,2
3687,2,2
3691,1,3
3698,3,3
3699,2,2
3701,3,3
3707,4,1
3710,3,1
3716,2,3
3718,5,2
3721,1,1
3722,4,1
3724,5,3
3733,4,2
3736,5,1
3740,4,1
3745,1,3
3747,3,1
3754,2,1
3761,4,2
3766,3,2
3770,4,1
3771,4,3
3775,3,3
3790,2,3
3791,5,1
3792,5,3
3797,5,2
3799,1,2
3800,2,3
3802,1,3
3806,4,2
3807,3,1
3816,3,1
3820,1,2
3823,2,2
3826,1,2
3827,4,1
3835,3,2
3836,1,1
3837,1,2
3840,2,3
3844,2,3
3845,4,1
3847,3,3
3848,5,1
3849,4,3
3850,5,3
3851,1,1
3855,2,1
3857,3,1
3858,2,3
3862,4,3
3864,1,2
3874,2,1
3878,3,2
3879,1,2
3881,3,3
3882,5,2
3884,1,3
3888,3,1
3892,4,3
3893,5,1
3894,5,1
3896,3,3
3901,3,1
3903,4,1
3904,2,3
3905,4,3
3907,4,2
3911,2,2
3914,4,3
3916,3,3
3918,5,3
3920,5,2
3921,4,3
3922,1,3
3923,5,1
3925,4,2
3928,2,3
3931,3,2
3932,4,1
3936,5,1
3937,5,1
3943,3,3
3945,4,1
3951,3,3
3953,3,1
3956,2,2
3960,5,2
3961,1,3
3962,2,3
3965,1,3
3966,2,1
3967,1,1
3971,3,3
3972,4,3
3975,1,2
3977,5,3
3979,4,3
3981,5,1
3983,5,3
3984,4,1
3985,1,3
3990,1,1
3994,2,1
3995,3,3
4000,3,2
4001,5,2
4012,4,1
4014,2,3
4016,2,1
4018,5,1
4025,3,3
4029,1,2
4031,1,1
4036,2,1
4041,4,2
4043,1,2
4044,3,2
4045,2,3
4048,4,3
4059,5,1
4063,4,1
4066,4,1
4068,1,1
4069,3,1
4070,4,1
4071,1,1
4072,4,2
4079,3,1
4080,1,3
4082,4,3
4083,5,3
4086,5,2
4087,3,3
4090,3,3
4091,1,3
4092,2,3
4094,4,3
4095,5,1
4099,5,2
4100,4,2
4102,2,2
4105,5,3
4109,5,3
4112,1,1
4114,4,2
4117,1,2
4119,2,1
4120,1,3
4123,5,1
4124,5,1
4126,2,3
4127,1,3
4129,2,2
4131,4,2
4132,3,3
4133,4,1
4134,4,2
4137,2,1
4151,2,1
4152,2,3
4158,5,2
4159,2,1
4162,4,2
4163,4,3
4166,2,1
4167,2,3
4169,1,1
4170,1,3
4172,2,3
4173,1,2
4174,3,1
4175,4,3
4176,3,2
4178,3,2
4183,1,2
4184,1,3
4185,5,2
4186,4,3
4191,5,1
4203,5,3
4205,4,3
4207,4,1
4208,3,3
4209,3,3
4214,1,1
4215,3,3
4220,4,2
4222,2,2
4223,3,3
4225,1,1
4228,4,3
4229,5,3
4230,2,1
4232,4,2
4235,4,2
4236,3,3
4237,3,1
4238,3,3
4240,1,2
4241,5,2
4243,5,2
4250,3,2
4253,5,3
4254,5,2
4255,5,1
4256,1,1
4260,1,1
4261,4,1
4267,1,3
4270,1,1
4275,1,1
4278,5,1
4279,1,2
4280,5,3
4285,5,2
4286,2,3
4288,4,2
4292,2,3
4293,4,1
4294,2,1
4297,4,3
4298,5,3
4299,3,3
4303,3,3
4305,4,1
4306,4,3
4307,2,3
4312,5,1
4313,2,1
4314,5,3
4316,2,2
4319,1,1
4321,4,2
4324,2,2
4325,3,3
4326,5,1
4334,3,1
4340,2,2
4348,4,2
4353,4,3
4354,1,1
4355,3,2
4358,5,2
4362,5,1
4363,4,1
4364,5,2
4366,3,1
4367,4,2
4370,5,2
4371,5,1
4372,1,3
4379,1,2
4381,5,1
4383,3,1
4386,1,3
4387,3,2
4388,3,1
4391,5,3
4394,4,2
4395,2,2
4400,1,3
4401,5,1
4403,2,3
4405,3,3
4409,4,1
4410,5,3
4412,2,3
4418,1,3
4425,4,3
4428,2,1
4431,5,2
4433,1,2
4434,5,3
4435,2,3
4437,1,1
4442,4,3
4443,1,2
4446,5,3
4448,5,1
4450,1,2
4452,1,3
4456,2,1
4459,4,2
4460,1,1
4461,2,3
4462,4,1
4465,5,2
4467,4,2
4468,2,3
4469,1,1
4470,2,3
4471,3,2
4475,2,3
4476,2,3
4477,2,1
4480,4,1
4483,5,2
4486,3,3
4492,2,1
4496,5,3
4497,3,2
4498,1,1
4499,1,1
4501,1,3
4504,4,2
4505,4,3
4507,5,3
4508,2,1
4509,3,2
4510,2,3
4511,1,3
4514,4,1
4519,4,2
4521,4,1
4522,3,1
4525,2,1
4526,1,1
4527,1,1
4532,3,2
4533,5,1
4534,5,2
4538,1,2
4539,5,2
4541,4,1
4543,5,3
4548,2,1
4554,5,3
4556,3,1
4557,1,2
4558,2,3
4559,5,1
4561,3,2
4563,5,3
4564,1,3
4566,1,2
4567,5,3
4569,1,1
4571,1,3
4572,1,1
4575,1,1
4577,5,2
4583,3,3
4585,2,3
4587,3,3
4588,3,2
4589,1,3
4590,3,2
4591,4,1
4592,4,2
4595,2,1
4599,5,3
4600,5,3
4602,5,1
4605,2,2
4606,5,1
4608,3,3
4609,1,1
4611,1,2
4614,5,3
4616,2,3
4618,4,1
4619,2,2
4626,4,1
4628,4,3
4630,5,1
4636,2,2
4637,5,1
4643,5,3
4650,3,3
4652,2,3
4653,4,1
4657,4,3
4659,1,3
4660,2,2
4667,2,3
4668,1,3
4672,5,2
4677,1,3
4678,4,3
4679,4,1
4682,4,3
4686,3,2
4692,1,2
4693,2,1
4696,4,3
4697,3,2
4700,4,2
4703,1,1
4706,3,2
4708,3,1
4711,5,1
4713,4,1
4717,3,3
4719,2,1
4721,2,1
4724,4,1
4725,2,2
4727,1,3
4735,3,1
4736,3,2
4738,5,2
4739,2,3
4740,1,2
4744,5,3
4746,2,1
4749,2,2
4750,3,1
4753,2,2
4754,3,3
4762,2,1
4765,2,2
4767,5,1
4775,5,3
4776,5,2
4777,3,2
4780,2,2
4781,1,2
4782,3,2
4783,5,2
4784,2,3
4786,3,3
4789,2,3
4790,3,2
4792,4,2
4795,1,2
4798,1,1
4801,3,3
4802,1,3
4805,3,2
4809,5,1
4812,2,2
4813,2,2
4814,5,2
4815,5,1
4816,2,1
4817,2,3
4824,4,1
4826,5,2
4830,4,3
4831,5,3
4833,2,3
4834,5,3
4835,1,2
4836,3,1
4837,3,2
4843,5,1
4849,4,2
4850,2,3
4854,4,2
4860,5,3
4864,2,2
4865,2,1
4869,2,2
4870,5,2
4871,4,1
4872,1,1
4875,5,1
4878,3,1
4879,3,1
4880,4,3
4882,2,1
4891,3,2
4892,3,2
4896,3,1
4897,5,1
4898,4,2
4900,1,2
4901,2,1
4902,1,1
4907,1,2
4908,1,3
4909,2,2
4912,5,2
4914,1,1
4916,3,1
4918,1,1
4924,1,3
4925,4,3
4926,4,2
4927,1,1
4931,4,2
4934,3,2
4935,4,3
4937,5,3
4942,2,1
4946,5,3
4947,4,2
4948,4,2
4949,4,2
4950,1,2
4955,2,2
4961,2,1
4962,5,1
4968,3,2
4971,3,1
4974,1,1
4976,5,1
4977,1,3
4980,2,3
4982,3,2
4983,5,2
4984,5,2
4985,2,1
4986,4,1
4988,2,3
4992,3,1
4995,3,2
4996,2,3
4997,5,3
4998,3,2
4999,2,3
5000,1,2
5003,2,3
5009,5,2
5012,2,1
5013,2,1
5018,2,3
5026,3,1
5027,1,1
5030,1,2
5036,2,1
5038,4,2
5039,4,3
5040,1,2
5045,2,3
5049,2,2
5054,2,3
5061,1,3
5063,4,2
5064,2,3
5066,2,2
5069,1,1
5070,2,1
5074,1,1
5075,5,1
5078,5,3
5079,1,3
5080,4,3
5081,1,1
5083,1,2
5086,2,1
5088,1,3
5089,3,2
5090,4,2
5091,4,1
5094,4,1
5096,3,3
5098,4,3
5099,2,3
5100,2,2
5101,2,1
5102,3,2
5106,4,1
5107,4,3
5108,5,3
5109,5,2
5110,1,3
5112,5,2
5114,3,3
5116,2,2
5117,3,3
5118,2,2
5119,5,1
5122,3,3
5123,3,1
5127,5,3
5128,1,3
5129,4,2
5131,4,2
5132,4,2
5136,3,3
5140,1,2
5143,1,1
5146,1,2
5150,1,2
5151,4,3
5153,4,2
5156,3,3
5157,4,3
5158,2,1
5159,5,2
5161,5,2
5162,1,2
5170,3,3
5171,1,2
5175,1,3
5179,3,2
5180,2,3
5186,5,1
5188,4,2
5190,2,3
5191,3,3
5192,4,3
5193,2,3
5195,1,2
5197,1,1
5202,1,1
5203,1,1
5205,4,2
5206,4,3
5207,2,2
5210,4,2
5211,3,2
5213,4,1
5215,1,3
5216,1,2
5218,3,1
5223,1,3
5226,3,1
5227,2,2
5228,1,1
5233,2,1
5234,4,2
5235,3,1
5236,4,2
5237,3,1
5238,3,2
5242,2,1
5245,2,2
5246,1,3
5249,3,3
5252,3,2
5253,5,2
5254,1,1
5259,1,1
5260,5,2
5261,1,1
5263,3,1
5264,2,2
5266,3,2
5273,4,1
5275,1,3
5276,4,2
5277,1,3
5278,5,1
5279,1,3
5280,3,2
5284,5,1
5285,4,1
5287,3,1
5291,5,1
5293,5,3
5294,5,2
5299,5,3
5301,5,3
5309,4,1
5312,4,3
5314,3,3
5315,1,2
5320,4,2
5321,1,1
5322,1,2
5324,3,3
5327,5,1
5328,4,1
5336,4,1
5337,3,1
5339,4,3
5341,4,1
5342,5,3
5345,4,3
5346,4,3
5348,2,1
5349,2,2
5352,3,3
5353,1,1
5357,1,1
5358,2,2
5359,1,2
5360,1,2
5361,1,3
5363,5,3
5364,4,1
5365,3,1
5367,4,1
5368,4,3
5369,2,2
5372,2,3
5382,4,2
5383,5,3
5385,5,1
5386,2,3
5392,2,1
5393,4,3
5394,2,2
5395,2,3
5396,5,1
5398,3,3
5405,2,3
5409,4,2
5411,2,3
5416,1,1
5417,3,2
5418,2,3
5419,1,2
5421,5,2
5428,5,1
5429,5,1
5433,4,2
5434,1,1
5438,5,3
5439,2,2
5442,1,2
5443,1,1
5444,4,2
5448,1,2
5452,3,3
5453,4,2
5458,3,3
5460,1,3
5464,5,3
5465,2,3
5469,3,1
5472,4,3
5473,4,1
5476,4,2
5478,2,3
5483,2,3
5485,2,2
5486,1,2
5491,1,1
5492,5,3
5494,5,3
5496,3,2
5497,1,2
5499,2,1
5500,2,3
5502,3,1
5503,4,3
5504,5,2
5505,3,2
5507,3,3
5511,4,2
5513,5,3
5514,3,2
5515,1,2
5516,2,1
5526,4,1
5528,3,1
5530,5,1
5534,2,3
5536,2,2
5537,1,3
5538,5,3
5541,4,3
5543,4,3
5544,3,1
5545,4,3
5546,5,2
5549,1,2
5550,1,1
5551,2,1
5560,4,2
5564,2,1
5568,3,2
5569,4,3
5572,3,3
5574,1,2
5576,3,3
5579,2,2
5581,1,3
5586,2,1
5587,5,1
5591,5,1
5593,1,1
5596,1,2
5600,3,3
5602,4,2
5603,1,2
5607,3,2
5608,2,3
5612,3,1
5615,4,2
5617,5,2
5618,3,3
5621,5,2
5624,1,1
5625,4,2
5628,3,3
5629,2,3
5632,5,2
5633,4,2
5640,4,2
5643,5,2
5644,1,1
5645,3,2
5646,4,3
5648,2,3
5650,2,3
5651,5,2
5656,3,2
5658,5,3
5661,1,3
5662,5,1
5665,2,3
5670,3,2
5671,5,3
5677,5,2
5680,1,3
5684,5,2
5685,2,2
5686,1,2
5688,3,1
5690,2,1
5694,1,2
5696,5,2
5697,2,1
5699,4,3
5700,3,3
5704,2,1
5709,3,2
5711,4,3
5715,2,3
5717,3,3
5719,4,2
5720,5,2
5726,5,3
5727,4,1
5728,5,2
5731,3,1
5734,5,3
5736,4,3
5737,1,2
5738,5,1
5739,4,2
5740,4,2
5741,2,3
5745,4,3
5748,4,2
5750,1,3
5751,1,3
5752,1,3
5755,4,2
5757,3,3
5761,3,1
5765,3,2
5766,5,3
5768,2,3
5769,4,1
5773,5,1
5775,2,2
5778,5,1
5779,4,3
5780,5,3
5782,5,1
5787,2,1
5789,1,3
5793,3,2
5794,5,3
5796,2,2
5797,2,3
5802,4,1
5809,5,2
5817,5,1
5820,4,1
5821,2,1
5823,3,2
5824,2,1
5825,5,1
5832,5,2
5843,3,3
5847,2,1
5848,2,1
5854,5,1
5855,1,3
5859,5,2
5861,5,3
5862,3,2
5863,2,3
5864,4,3
5865,3,2
5867,3,2
5868,1,3
5869,4,1
5870,4,3
5871,3,2
5877,4,1
5880,2,3
5881,3,3
5885,1,3
5887,3,1
5888,4,2
5896,5,3
5898,4,2
5901,3,3
5902,4,1
5903,1,3
5906,2,1
5908,2,1
5911,1,1
5919,1,1
5922,5,1
5923,5,2
5926,4,2
5927,5,2
5928,2,1
5931,4,2
5933,5,1
5936,1,2
5937,4,3
5939,4,1
5945,5,3
5951,5,2
5955,2,3
5956,4,2
5957,5,2
5965,1,2
5967,5,3
5968,5,3
5971,2,1
5980,3,2
5981,1,3
5986,3,1
5988,4,2
5991,5,3
5996,5,1
5999,1,2
6001,2,1
6005,1,2
6009,1,1
6016,2,3
6018,5,3
6019,4,1
6020,2,2
6021,3,2
6027,5,1
6029,3,3
6031,5,1
6033,3,2
6038,5,1
6039,4,2
6040,3,2
6043,4,1
6046,2,2
6047,4,1
6050,3,1
6054,4,2
6055,3,1
6056,5,1
6059,5,2
6060,3,1
6064,4,2
6073,5,1
6076,4,3
6079,5,3
6084,4,2
6085,1,2
6086,5,2
6087,1,2
6089,3,2
6090,1,3
6097,4,2
6099,1,1
6101,5,2
6108,5,3
6111,2,2
6114,5,3
6119,1,2
6120,1,3
6123,3,1
6125,3,2
6126,3,1
6127,1,1
6129,4,1
6131,2,1
6132,3,2
6134,1,3
6139,3,1
6142,2,2
6143,3,1
6145,2,3
6147,1,1
6149,1,1
6150,2,1
6152,1,1
6153,4,2
6155,3,3
6159,2,1
6162,1,3
6171,2,1
6172,2,3
6173,4,3
6174,4,1
6179,2,3
6182,2,2
6184,4,1
6185,2,1
6188,1,2
6189,4,3
6193,4,3
6197,2,1
6198,2,2
6200,4,1
6201,2,2
6208,5,2
6210,4,2
6211,1,1
6216,1,3
6219,4,3
6221,4,2
6223,5,3
6224,4,1
6225,1,1
6226,5,1
6228,2,3
6229,2,3
6230,2,1
6231,2,1
6235,2,3
6236,1,1
6237,2,3
6238,1,3
6239,5,2
6241,1,2
6242,1,1
6244,3,2
6246,4,1
6248,1,2
6249,4,2
6250,4,1
6251,2,2
6253,4,2
6254,1,3
6257,2,3
6258,2,2
6265,5,1
6266,1,1
6268,4,3
6270,3,1
6271,3,1
6272,5,3
6275,5,2
6276,2,3
6278,5,2
6282,5,3
6288,1,1
6291,2,1
6292,3,3
6293,3,3
6298,5,2
6299,4,1
6300,2,1
6302,5,2
6308,2,3
6311,1,2
6316,4,1
6320,3,2
6323,4,1
6324,4,3
6328,3,1
6330,3,3
6334,1,2
6336,3,2
6337,2,2
6338,1,2
6340,3,2
6342,4,2
6343,1,3
6344,1,1
6348,4,1
6349,4,2
6352,2,1
6360,5,3
6363,3,3
6365,3,2
6366,1,1
6367,2,1
6370,5,1
6371,5,1
6373,2,3
6375,2,3
6376,4,2
6379,5,2
6387,5,2
6390,5,3
6392,1,3
6395,5,1
6399,4,3
6403,4,2
6405,4,3
6407,1,2
6410,3,1
6412,1,3
6426,2,1
6427,5,3
6428,2,1
6430,1,2
6431,3,3
6432,3,2
6435,2,2
6436,2,2
6437,5,3
6438,5,3
6439,1,2
6440,2,2
6442,5,2
6449,3,1
6451,2,2
6452,1,2
6455,5,2
6456,2,1
6457,5,1
6460,2,2
6461,2,2
6462,4,3
6466,1,3
6467,1,1
6468,3,2
6470,5,1
6471,4,1
6477,1,3
6479,1,2
6480,1,3
6487,4,3
6489,2,2
6492,4,3
6495,3,2
6497,4,1
6499,4,2
6506,1,3
6507,4,1
6508,3,1
6510,1,1
6514,3,2
6515,5,1
6520,5,2
6522,2,1
6524,4,3
6528,1,1
6530,1,2
6531,1,3
6532,1,3
6537,1,2
6539,1,1
6540,2,3
6542,4,2
6543,5,3
6545,4,2
6546,3,1
6547,5,3
6549,2,3
6550,3,2
6551,2,2
6552,5,1
6554,1,2
6558,2,3
6561,2,1
6562,5,3
6565,4,1
6566,3,3
6571,2,1
6574,2,1
6575,1,1
6576,5,3
6577,4,3
6578,1,3
6584,5,3
6585,4,2
6590,5,2
6591,2,3
6596,2,1
6597,2,2
6598,4,1
6600,5,1
6602,1,3
6606,4,3
6617,1,3
6622,1,2
6624,5,2
6628,3,3
6632,4,3
6633,1,3
6637,2,3
6638,3,3
6639,2,3
6641,2,1
6642,1,1
6645,2,2
6647,5,2
6649,4,1
6650,1,3
6653,4,2
6654,5,3
6656,3,2
6659,4,3
6660,2,3
6662,4,3
6663,4,1
6664,2,2
6667,1,1
6669,5,2
6675,2,2
6677,3,2
6680,2,2
6683,2,3
6686,2,3
6690,1,2
6691,4,3
6693,1,1
6695,5,1
6696,2,3
6698,4,1
6700,1,2
6702,2,1
6703,3,3
6704,5,3
6705,3,2
6706,2,3
6708,4,1
6710,2,3
6711,3,3
6713,2,2
6714,5,2
6720,1,2
6721,4,3
6726,2,2
6727,1,1
6728,2,2
6734,5,2
6735,4,3
6737,2,3
6738,3,2
6739,1,1
6741,3,3
6743,4,1
6746,2,1
6751,1,2
6753,3,1
6755,3,3
6761,2,1
6764,5,2
6765,2,3
6770,3,2
6772,2,1
6774,1,2
6776,2,3
6777,1,1
6779,4,3
6783,3,2
6785,4,1
6786,1,1
6789,1,2
6793,5,1
6794,5,1
6796,3,3
6797,1,2
6800,4,1
6803,3,1
6811,3,3
6813,1,3
6817,2,3
6818,3,2
6819,4,3
6821,4,1
6822,1,3
6826,3,3
6827,2,3
6829,5,1
6832,5,1
6834,3,2
6837,2,1
6839,2,3
6844,4,1
6845,5,1
6846,2,1
6847,4,3
6848,2,1
6849,5,2
6850,2,3
6851,3,3
6853,4,2
6857,4,1
6859,2,1
6860,4,1
6861,3,1
6863,3,1
6864,5,3
6866,2,3
6867,4,2
6872,3,2
6873,3,2
6874,4,2
6875,1,2
6877,3,2
6878,5,2
6879,5,3
6880,3,2
6882,3,2
6886,2,2
6887,5,3
6896,1,2
6897,5,3
6899,1,3
6900,1,1
6901,3,2
6905,4,1
6906,2,3
6907,3,2
6909,1,2
6911,4,3
6914,3,2
6919,1,2
6920,5,1
6922,2,1
6923,2,2
6926,1,2
6927,2,1
6928,5,1
6930,1,2
6933,5,2
6934,3,1
6935,4,1
6937,4,1
6939,3,1
6943,2,1
6944,2,2
6947,4,1
6949,4,1
6950,3,3
6955,2,3
6957,2,2
6958,1,1
6962,2,3
6966,2,3
6968,3,2
6970,1,2
6974,2,1
6979,5,3
6980,1,3
6984,5,1
6988,5,2
6995,4,2
6999,1,2
7001,3,1
7006,5,3
7007,5,1
7008,5,1
7010,1,1
7012,5,2
7014,2,2
7015,3,1
7017,3,3
7019,1,1
7020,3,1
7022,3,2
7024,2,1
7027,2,2
7028,2,3
7029,2,3
7032,4,1
7035,3,1
7036,5,1
7038,2,1
7042,3,1
7043,1,1
7049,1,3
7050,2,1
7053,4,2
7055,1,3
7057,5,1
7058,5,2
7059,4,1
7065,4,1
7066,5,2
7067,4,2
7068,5,2
7072,2,2
7073,3,3
7077,3,1
7079,1,1
7081,1,1
7082,1,1
7086,3,3
7091,3,3
7092,2,1
7095,1,2
7102,1,2
7103,3,3
7108,4,3
7113,4,2
7115,3,3
7116,5,3
7120,3,2
7122,1,2
7126,3,1
7130,1,1
7139,2,2
7141,4,3
7144,2,2
7149,4,1
7150,5,3
7151,5,2
7153,3,2
7155,5,1
7158,3,1
7159,5,1
7164,3,1
7166,4,1
7167,4,1
7169,3,1
7171,5,2
7172,4,1
7173,3,2
7174,2,1
7176,2,2
7177,2,1
7179,1,1
7181,5,1
7188,5,1
7189,2,1
7191,2,2
7196,5,1
7199,1,2
7200,1,2
7204,3,2
7205,5,2
7207,3,2
7210,1,2
7211,2,2
7213,3,3
7216,3,2
7217,4,3
7219,5,2
7222,3,3
7227,1,3
7232,1,3
7233,4,2
7234,4,3
7237,1,3
7241,3,2
7242,1,2
7243,2,3
7244,1,1
7246,2,3
7249,5,3
7250,1,3
7252,2,1
7256,4,1
7257,5,1
7262,4,2
7265,4,1
7268,3,1
7273,2,3
7283,3,2
7284,4,3
7286,3,3
7287,1,3
7288,5,1
7289,1,1
7293,3,2
7295,2,3
7296,2,2
7299,4,3
7301,4,2
7304,5,3
7305,3,3
7306,3,3
7308,3,2
7310,2,1
7314,3,1
7315,4,3
7316,5,2
7318,4,2
7319,2,1
7320,1,1
7322,2,3
7324,4,2
7325,5,2
7328,5,1
7329,5,1
7330,3,2
7333,4,2
7334,1,2
7337,1,1
7340,1,1
7346,4,3
7347,4,1
7349,5,1
7351,2,1
7353,5,3
7354,4,1
7355,4,3
7357,2,2
7359,1,2
7363,4,2
7364,2,2
7371,2,1
7372,3,1
7373,2,3
7374,1,2
7379,1,1
7380,4,2
7381,1,3
7382,3,1
7384,3,1
7385,3,3
7388,1,2
7391,3,1
7393,3,2
7394,5,2
7395,4,3
7396,2,1
7397,1,2
7400,5,2
7404,4,2
7405,1,2
7406,2,3
7408,2,3
7409,4,1
7410,2,2
7415,4,3
7420,3,2
7422,1,1
7435,5,2
7439,2,2
7445,4,1
7446,1,1
7448,1,2
7451,3,2
7453,5,3
7455,1,1
7457,3,3
7458,3,3
7465,3,1
7467,5,2
7472,1,1
7476,5,3
7480,5,3
7481,5,1
7482,5,3
7483,3,3
7485,5,1
7486,4,1
7488,3,1
7491,4,2
7494,1,3
7499,1,1
7501,1,2
7502,2,3
7503,1,2
7508,2,1
7509,5,2
7510,4,1
7515,5,3
7516,1,2
7517,2,2
7522,5,2
7526,3,3
7528,2,3
7532,3,3
7535,4,2
7536,1,2
7537,4,3
7538,2,1
7541,4,2
7544,3,3
7545,1,1
7547,1,1
7549,1,1
7550,2,1
7554,3,2
7555,4,1
7556,1,2
7558,1,3
7559,5,2
7560,4,2
7562,4,2
7563,4,1
7568,2,3
7571,2,3
7572,3,2
7573,1,2
7574,2,3
7576,5,1
7577,4,3
7579,1,1
7580,3,2
7585,4,2
7588,2,3
7589,1,2
7605,3,2
7606,2,3
7607,2,3
7609,4,3
7610,1,2
7614,3,2
7615,3,1
7616,3,2
7617,5,3
7620,1,1
7623,5,2
7629,1,2
7632,2,3
7634,1,3
7638,2,1
7639,2,1
7640,2,2
7642,3,2
7643,5,3
7647,5,3
7649,3,1
7650,5,1
7655,5,2
7659,5,2
7661,2,3
7667,4,1
7668,5,3
7671,4,1
7672,2,1
7674,2,1
7676,4,2
7677,1,3
7688,1,1
7689,4,2
7692,5,2
7693,1,2
7697,5,1
7699,1,3
7702,3,1
7703,3,3
7705,5,2
7706,3,2
7707,4,3
7709,2,1
7721,1,1
7723,2,3
7725,2,1
7727,3,3
7728,2,3
7731,4,3
7733,2,2
7735,1,1
7736,4,1
7738,3,3
7741,2,3
7743,5,2
7744,4,3
7753,3,1
7754,1,3
7757,5,1
7760,3,3
7764,3,3
7767,5,1
7770,2,3
7771,5,2
7772,1,2
7774,5,1
7775,4,2
7778,3,2
7784,5,3
7786,2,3
7793,2,3
7798,3,2
7804,5,1
7806,5,1
7807,3,1
7809,5,1
7813,4,1
7814,4,3
7818,2,3
7820,3,1
7821,2,2
7823,1,3
7825,1,2
7829,4,2
7833,3,2
7835,2,1
7840,5,2
7841,5,3
7842,1,3
7845,5,2
7846,2,3
7847,2,1
7850,3,1
7854,4,1
7858,2,2
7859,5,2
7865,1,2
7866,2,1
7867,2,3
7869,1,1
7872,2,2
7874,2,3
7882,3,1
7887,5,3
7892,5,1
7894,4,2
7897,4,1
7899,4,1
7901,5,2
7903,4,2
7904,2,2
7910,2,1
7916,3,1
7917,5,2
7919,5,3
7920,3,2
7922,2,2
7924,4,2
7925,3,3
7926,4,2
7929,5,1
7930,5,2
7932,4,1
7934,2,2
7935,2,3
7940,3,2
7942,3,3
7943,3,1
7947,3,2
7948,3,1
7949,5,1
7950,3,3
7951,1,1
7956,3,3
7957,2,3
7963,5,1
7964,4,3
7965,3,2
7966,4,1
7967,3,3
7968,3,2
7969,5,1
7970,4,3
7971,3,3
7973,4,1
7974,3,1
7975,1,2
7976,2,2
7984,5,2
7987,3,3
7990,2,1
7996,4,1
7998,2,1
8003,5,3
8004,4,3
8011,4,3
8012,3,1
8013,3,3
8015,1,2
8016,2,3
8018,4,3
8020,1,2
8023,2,2
8024,2,1
8026,4,3
8027,5,2
8028,5,2
8030,1,2
8034,3,2
8036,3,1
8037,4,1
8038,4,3
8039,4,3
8043,4,3
8047,4,3
8048,3,1
8050,5,3
8052,3,2
8056,1,2
8062,3,1
8065,1,2
8066,2,2
8068,3,3
8070,1,2
8076,3,2
8077,1,3
8080,1,2
8081,3,3
8082,1,1
8084,1,3
8086,5,1
8087,5,1
8093,2,3
8095,2,2
8098,5,2
8099,5,3
8102,1,2
8103,3,3
8110,2,2
8111,3,1
8112,3,1
8114,5,1
8115,2,2
8116,4,1
8117,1,3
8118,3,2
8120,1,3
8123,3,3
8124,1,1
8125,2,3
8127,4,1
8128,4,2
8129,3,3
8133,3,3
8136,5,1
8142,1,3
8143,5,2
8144,1,2
8146,4,2
8148,2,3
8149,3,1
8150,5,3
8151,1,3
8152,5,3
8155,1,1
8156,2,3
8158,1,3
8161,3,3
8163,1,1
8166,4,1
8172,3,2
8173,3,3
8177,1,1
8178,4,3
8180,2,3
8184,3,2
8188,2,1
8189,2,3
8190,2,1
8191,2,3
8193,5,1
8195,5,1
8196,4,1
8197,4,1
8198,3,1
8200,3,2
8201,4,3
8203,3,1
8209,3,3
8212,5,1
8213,2,2
8218,4,2
8219,5,3
8222,1,2
8223,1,1
8224,3,2
8227,1,2
8231,1,2
8232,3,3
8234,4,1
8244,5,1
8247,5,2
8252,5,3
8254,4,2
8260,5,1
8261,5,2
8262,3,2
8265,1,1
8267,1,1
8268,1,3
8270,4,3
8272,1,3
8274,4,2
8276,4,1
8277,2,2
8280,4,2
8281,2,3
8283,4,2
8285,5,3
8290,3,3
8291,1,2
8293,4,1
8296,4,2
8297,4,1
8298,1,1
8299,5,2
8300,4,2
8301,1,3
8302,1,1
8304,2,2
8308,3,1
8312,5,1
8313,5,1
8314,1,1
8315,2,2
8317,5,1
8318,4,2
8320,4,2
8323,4,3
8326,4,3
8329,4,3
8330,5,1
8331,2,3
8334,5,1
8338,4,1
8339,1,3
8340,5,1
8341,5,2
8343,2,1
8345,2,1
8351,1,2
8352,4,1
8354,3,1
8355,1,1
8356,3,3
8358,2,3
8359,2,3
8361,4,3
8365,1,3
8369,1,3
8374,2,2
8376,1,2
8377,3,1
8378,2,2
8380,4,3
8381,3,2
8383,5,2
8386,4,1
8389,5,2
8392,1,1
8393,3,1
8396,5,3
8397,2,3
8399,4,1
8401,4,3
8404,2,1
8407,4,3
8412,2,1
8416,1,1
8417,2,3
8418,1,1
8423,3,3
8426,1,1
8429,1,1
8432,5,3
8435,3,3
8438,1,3
8439,1,1
8441,3,1
8445,4,3
8449,4,3
8450,4,2
8453,3,3
8455,5,3
8460,1,2
8461,3,1
8463,5,2
8464,1,2
8465,5,2
8466,4,1
8468,1,3
8475,3,2
8476,4,2
8481,4,1
8485,2,2
8486,5,3
8488,1,1
8490,5,3
8492,4,3
8495,1,2
8498,5,3
8501,1,3
8503,3,2
8504,5,1
8505,5,1
8506,5,2
8508,5,2
8512,5,1
8513,1,3
8515,2,3
8517,4,2
8519,2,1
8525,3,1
8526,5,3
8527,2,1
8529,5,2
8530,3,2
8534,4,3
8535,5,2
8536,4,1
8537,5,2
8538,4,2
8542,1,3
8543,2,3
8550,3,2
8552,5,3
8557,5,2
8561,2,3
8565,5,3
8566,4,3
8567,3,1
8569,1,3
8570,1,2
8573,2,3
8575,4,2
8577,3,1
8578,3,3
8580,3,1
8584,2,1
8587,3,3
8588,3,3
8592,5,1
8597,1,2
8598,3,1
8604,4,1
8609,1,3
8611,4,1
8613,5,1
8614,4,2
8618,1,2
8619,1,3
8622,4,1
8623,4,3
8626,4,1
8629,4,2
8634,1,3
8635,4,3
8637,3,1
8638,4,1
8641,2,1
8643,1,1
8648,4,3
8649,1,2
8652,4,2
8653,3,2
8656,1,3
8657,1,1
8659,2,2
8662,1,1
8664,4,3
8671,2,2
8674,3,2
8676,3,1
8679,2,3
8680,5,1
8681,2,1
8686,4,2
8689,2,1
8690,1,3
8693,4,1
8694,3,2
8697,4,2
8698,3,3
8699,5,3
8700,5,3
8704,5,3
8705,1,2
8707,2,3
8709,1,2
8712,1,1
8714,4,1
8715,1,1
8717,2,2
8718,1,1
8722,1,3
8725,1,1
8727,1,3
8732,2,2
8734,2,2
8735,1,3
8736,1,3
8737,5,3
8739,3,2
8740,1,3
8742,5,1
8758,3,1
8761,5,3
8763,5,1
8765,4,1
8768,2,2
8769,5,3
8771,3,2
8772,2,3
8774,2,3
8776,1,2
8777,5,3
8784,4,3
8785,2,2
8786,5,2
8787,1,2
8790,3,1
8792,4,3
8796,5,2
8798,3,3
8800,2,3
8801,5,2
8807,3,2
8815,4,2
8816,1,2
8817,4,1
8822,1,1
8824,1,1
8825,2,3
8829,4,1
8830,5,2
8839,1,1
8841,3,3
8842,5,1
8844,4,3
8845,2,2
8846,5,3
8847,5,3
8850,2,3
8854,5,3
8856,3,3
8858,2,1
8860,2,1
8861,2,2
8865,4,2
8866,5,3
8867,5,1
8873,2,2
8874,1,2
8875,3,1
8878,5,3
8879,3,2
8880,4,1
8881,5,1
8886,2,2
8887,3,1
8888,3,1
8891,2,3
8893,2,1
8897,5,3
8899,2,3
8903,3,2
8904,2,1
8912,4,3
8914,2,1
8916,4,1
8917,3,3
8919,2,1
8920,5,3
8922,1,3
8926,3,1
8927,1,1
8929,2,2
8931,5,3
8933,4,3
8935,3,2
8936,4,2
8939,2,2
8940,2,3
8941,1,3
8942,1,1
8943,5,2
8946,1,3
8947,3,1
8948,2,2
8949,2,1
8955,4,3
8960,3,2
8966,2,2
8967,1,3
8971,5,2
8975,5,2
8981,5,1
8985,4,3
8988,3,3
8994,3,1
8995,5,1
8999,5,1
9000,1,3
9001,4,1
9005,1,1
9006,4,1
9008,1,1
9011,3,2
9018,5,1
9020,1,2
9022,4,2
9027,3,2
9028,5,2
9030,2,3
9031,2,3
9035,4,2
9036,5,1
9037,1,3
9040,4,1
9041,3,3
9044,4,2
9049,1,2
9051,3,1
9053,4,3
9055,1,3
9058,2,2
9062,5,3
9067,3,3
9070,2,2
9071,2,2
9074,4,2
9075,1,2
9078,4,2
9079,2,2
9080,4,3
9082,3,1
9089,5,1
9094,4,2
9097,3,2
9098,2,1
9100,3,3
9108,3,3
9110,5,2
9111,3,3
9116,3,1
9119,3,1
9120,5,2
9122,5,1
9123,1,2
9129,5,1
9132,1,1
9134,2,1
9136,5,1
9143,2,2
9148,1,2
9149,4,1
9152,5,1
9153,1,3
9155,4,3
9156,5,3
9160,3,2
9161,5,1
9162,2,1
9164,3,1
9165,5,2
9169,2,3
9174,2,1
9179,2,1
9180,4,1
9184,2,3
9186,4,3
9187,5,2
9195,3,3
9198,2,2
9203,1,1
9204,5,2
9207,4,3
9208,1,1
9213,2,1
9217,5,2
9219,1,3
9220,4,2
9221,2,3
9225,4,2
9227,2,2
9228,5,1
9229,1,3
9230,2,1
9231,2,2
9233,4,2
9236,1,3
9239,4,2
9240,4,3
9242,5,1
9243,4,1
9246,2,1
9247,5,2
9249,1,3
9250,1,2
9256,4,3
9260,5,3
9261,3,1
9262,5,3
9264,1,1
9267,4,3
9269,1,2
9270,3,2
9274,3,1
9278,5,3
9284,2,2
9285,4,3
9287,1,2
9291,5,2
9292,1,2
9294,5,2
9302,2,1
9310,3,1
9314,2,2
9315,1,2
9316,2,2
9321,5,3
9329,4,3
9332,1,1
9333,3,2
9336,4,2
9337,4,3
9339,4,1
9342,4,2
9344,3,3
9348,2,2
9349,5,3
9352,4,2
9355,5,3
9359,2,2
9360,5,3
9364,2,2
9366,3,1
9369,1,1
9370,1,1
9372,1,3
9375,5,3
9382,4,1
9383,5,1
9385,1,1
9386,2,1
9388,1,1
9389,1,2
9391,1,2
9395,3,3
9398,4,3
9400,2,3
9401,2,2
9408,5,1
9409,2,2
9412,5,1
9415,3,1
9417,4,2
9418,4,2
9419,2,2
9422,5,2
9424,1,2
9426,5,1
9427,3,3
9428,5,1
9431,3,2
9432,2,2
9435,2,1
9436,4,1
9439,1,3
9442,4,1
9444,3,3
9445,2,1
9446,2,2
9447,1,2
9448,4,1
9452,4,2
9454,5,2
9456,5,2
9457,1,1
9461,2,3
9467,2,2
9478,1,1
9479,1,1
9482,5,1
9483,2,3
9485,1,1
9490,1,2
9491,5,3
9494,1,1
9497,3,1
9501,2,3
9505,3,1
9507,1,2
9509,2,3
9515,3,3
9517,2,2
9519,1,2
9523,1,3
9524,1,3
9525,1,1
9528,4,3
9529,4,2
9531,2,1
9532,1,3
9533,3,1
9536,2,1
9537,3,2
9538,3,1
9542,2,2
9546,1,3
9547,2,3
9550,4,3
9554,3,3
9557,4,2
9560,1,2
9561,5,1
9562,2,2
9563,2,3
9564,1,3
9565,2,3
9567,2,1
9570,1,2
9572,4,1
9574,2,2
9575,4,3
9577,5,2
9578,1,3
9581,4,2
9590,4,2
9592,2,3
9598,2,2
9601,5,3
9602,2,2
9603,3,3
9604,2,3
9605,3,1
9607,2,1
9609,2,2
9611,5,2
9614,3,1
9618,4,1
9619,5,2
9622,3,2
9623,3,2
9624,5,3
9626,1,3
9632,4,1
9638,5,2
9639,3,1
9641,1,1
9642,5,1
9644,4,3
9645,3,2
9646,3,2
9649,4,1
9650,1,1
9657,2,2
9661,2,1
9672,5,3
9678,2,2
9679,3,3
9680,1,1
9681,1,2
9682,4,2
9683,2,1
9684,2,1
9687,3,3
9688,2,1
9690,3,1
9699,3,3
9704,3,2
9705,2,1
9709,2,1
9713,4,3
9714,2,1
9715,2,3
9717,1,2
9718,3,3
9719,2,3
9720,5,3
9722,1,1
9723,4,1
9725,3,3
9726,2,3
9728,2,2
9730,2,3
9731,1,2
9732,2,3
9733,5,3
9737,2,2
9738,4,3
9743,1,1
9744,4,2
9746,5,1
9747,1,3
9749,5,3
9756,2,3
9757,2,2
9759,1,3
9760,1,2
9761,2,3
9763,2,3
9765,1,2
9767,4,1
9769,2,3
9770,3,2
9773,2,1
9778,2,2
9783,3,3
9784,5,2
9786,1,1
9788,5,2
9789,4,2
9794,5,2
9803,1,3
9804,4,3
9806,5,1
9810,2,1
9811,1,1
9812,3,2
9814,2,3
9817,3,3
9818,5,1
9819,4,1
9821,5,2
9826,2,2
9827,5,1
9831,3,2
9834,4,1
9835,5,3
9841,4,2
9848,1,2
9849,2,1
9852,1,2
9853,5,2
9855,1,1
9858,2,1
9861,1,1
9863,5,1
9871,1,2
9875,4,1
9879,1,3
9882,2,1
9886,1,3
9888,5,2
9889,1,2
9892,1,2
9896,4,3
9897,4,2
9902,2,3
9908,1,1
9910,4,1
9913,4,3
9914,3,3
9918,5,3
9919,5,2
9921,2,3
9922,2,3
9928,3,2
9929,3,1
9931,2,1
9935,5,3
9938,2,2
9942,5,3
9948,2,2
9949,1,1
9950,5,2
9952,2,3
9953,3,2
9954,2,1
9958,1,3
9959,4,1
9961,4,2
9962,3,1
9964,1,2
9965,2,3
9967,4,1
9972,5,2
9981,2,3
9982,4,2
9983,5,3
9987,2,3
9988,3,3
9991,5,1
9992,3,1
9993,4,2
9994,5,3
9996,5,3
9997,4,3
10001,1,3
10003,2,2
10006,3,2
10009,3,3
10010,1,1
10011,1,1
10013,5,2
10015,1,2
10016,1,1
10017,5,2
10018,3,2
10019,2,2
10024,3,1
10027,1,3
10028,2,3
10036,2,3
10041,4,1
10042,3,1
10045,1,1
10048,4,1
10050,2,1
10055,2,1
10056,3,3
10057,4,1
10061,5,3
10065,3,2
10066,5,3
10068,5,1
10070,4,3
10078,1,1
10080,4,1
10081,5,3
10082,1,1
10084,3,1
10088,3,3
10091,4,1
10092,2,1
10097,4,3
10100,1,2
10102,1,3
10105,4,3
10106,2,2
10112,1,3
10114,1,2
10115,5,3
10116,5,3
10118,2,1
10119,1,1
10121,1,1
10124,2,3
10126,4,1
10127,4,3
10131,1,2
10132,4,1
10133,1,1
10135,1,3
10136,3,3
10139,1,1
10140,4,1
10141,5,1
10142,3,3
10143,1,2
10144,4,1
10147,4,2
10149,1,3
10150,3,1
10152,2,2
10153,3,3
10154,5,3
10155,2,2
10157,5,1
10162,2,2
10163,5,1
10165,2,3
10166,1,1
10167,3,2
10169,4,3
10173,5,1
10174,2,2
10182,3,2
10183,4,3
10186,1,1
10188,3,1
10189,4,3
10190,5,1
10191,4,3
10192,1,2
10193,2,3
10194,1,1
10195,1,1
10196,3,2
10198,4,2
10207,2,1
10208,1,3
10209,3,3
10214,3,1
10216,1,2
10218,5,2
10219,1,1
10222,5,3
10224,1,1
10225,3,2
10231,3,3
10233,1,2
10234,2,2
10236,5,2
10241,3,3
10243,3,2
10246,3,2
10247,3,1
10248,1,1
10251,3,1
10254,5,3
10256,4,1
10258,3,3
10259,3,2
10264,3,2
10266,2,3
10272,4,3
10275,5,3
10276,5,2
10278,4,1
10279,3,1
10281,2,1
10284,2,1
10287,4,1
10288,5,3
10290,4,2
10293,3,3
10300,1,3
10301,2,3
10307,2,2
10311,4,3
10312,2,3
10313,1,1
10315,5,3
10316,3,1
10318,2,2
10321,3,1
10324,3,1
10326,4,2
10330,5,3
10332,3,1
10342,4,3
10343,5,1
10344,3,1
10346,5,3
10347,4,2
10348,1,2
10353,2,3
10356,3,1
10361,5,3
10363,4,3
10367,2,1
10370,3,3
10373,2,3
10374,1,1
10375,1,3
10377,5,2
10379,1,1
10380,1,1
10382,1,2
10388,1,1
10390,4,3
10391,1,1
10392,5,3
10393,2,2
10396,2,2
10398,4,3
10400,3,3
10401,5,2
10402,5,2
10404,5,2
10405,3,2
10411,3,1
10415,1,1
10417,1,3
10419,3,1
10432,4,3
10433,1,2
10435,1,1
10439,1,2
10443,5,1
10444,1,1
10445,1,1
10446,4,3
10448,5,1
10449,4,3
10450,1,3
10451,3,2
10452,5,2
10455,2,1
10456,2,1
10460,2,2
10462,2,3
10463,3,2
10464,4,3
10465,1,3
10466,3,3
10469,3,1
10470,3,3
10471,4,2
10472,4,2
10473,1,1
10474,3,3
10478,5,2
10479,4,2
10480,3,2
10483,5,1
10484,5,2
10491,5,3
10494,1,3
10495,2,2
10497,2,1
10502,3,2
10503,4,3
10504,1,2
10505,3,3
10506,5,1
10508,4,1
10510,3,3
10517,1,3
10520,3,1
10521,4,3
10526,5,2
10533,5,1
10535,4,3
10536,4,2
10539,5,3
10540,4,1
10543,1,1
10545,2,1
10546,2,2
10549,3,3
10555,3,1
10558,5,3
10559,3,2
10561,1,1
10564,4,2
10566,2,2
10569,1,1
10571,2,1
10573,2,1
10574,1,1
10575,1,2
10577,4,2
10581,3,1
10584,4,3
10589,4,1
10594,5,3
10598,1,2
10599,5,2
10601,3,2
10602,2,1
10604,2,2
10606,4,2
10608,1,1
10613,1,2
10614,5,2
10618,1,1
10622,1,2
10623,3,3
10624,3,1
10626,3,2
10627,2,1
10629,5,3
10633,4,3
10634,3,1
10637,4,1
10638,5,1
10640,1,2
10641,4,2
10643,2,2
10646,1,3
10647,5,2
10648,4,3
10651,2,2
10652,4,3
10662,5,1
10668,5,1
10672,3,3
10674,1,1
10678,1,2
10685,4,1
10696,3,2
10697,4,1
10698,2,3
10699,5,1
10700,3,3
10704,5,1
10705,1,2
10708,3,3
10710,2,2
10718,2,1
10721,1,1
10722,4,1
10723,1,2
10724,3,1
10726,3,1
10727,3,2
10729,2,2
10733,1,2
10734,2,2
10736,4,2
10737,1,2
10741,4,2
10743,5,1
10744,3,3
10747,2,3
10751,5,3
10758,1,1
10760,4,1
10761,2,1
10762,5,3
10763,5,1
10767,3,2
10771,4,3
10773,4,1
10774,1,2
10776,3,1
10778,1,3
10781,2,2
10787,5,2
10788,5,2
10790,3,3
10791,3,1
10793,4,2
10794,3,1
10795,4,2
10796,1,2
10798,2,3
10800,5,3
10801,5,3
10803,1,1
10804,3,2
10805,5,3
10806,5,1
10810,3,2
10811,1,1
10812,5,3
10816,1,3
10817,4,3
10819,5,1
10823,4,2
10828,5,1
10829,1,2
10832,5,1
10834,5,2
10840,2,1
10841,1,2
10842,4,1
10849,5,3
10850,5,2
10855,3,2
10856,5,2
10857,2,3
10859,5,3
10866,3,3
10868,3,1
10870,5,3
10872,1,2
10874,4,2
10876,1,2
10877,2,2
10878,3,2
10879,1,1
10881,5,2
10883,4,2
10884,4,3
10888,1,1
10889,3,1
10891,3,3
10892,3,3
10894,1,1
10898,1,1
10899,1,1
10900,2,2
10905,4,1
10906,2,2
10907,2,3
10908,1,3
10910,2,2
10911,2,3
10913,1,1
10916,5,1
10921,2,2
10922,2,1
10924,5,3
10928,3,1
10931,1,3
10936,3,2
10937,3,3
10938,5,3
10941,5,3
10942,4,3
10947,4,3
10949,4,1
10953,4,3
10959,5,3
10960,3,1
10961,2,2
10962,4,2
10963,5,2
10964,3,1
10971,3,1
10972,3,2
10973,2,3
10974,2,1
10977,3,1
10978,3,1
10981,2,1
10986,4,3
10990,4,1
10992,4,2
10994,5,2
10995,5,2
10997,3,3
10998,1,1
10999,2,3
11003,3,2
11006,2,1
11012,5,1
11014,5,1
11017,3,3
11018,4,3
11020,1,2
11027,1,1
11028,4,3
11029,1,1
11030,1,3
11032,2,1
11036,5,3
11037,5,1
11038,2,3
11040,1,3
11042,4,1
11044,5,1
11045,1,2
11046,1,1
11048,1,1
11049,4,3
11051,3,2
11056,5,3
11057,3,2
11058,3,1
11061,1,2
11062,2,3
11063,2,3
11064,1,3
11065,4,2
11066,2,3
11069,2,2
11072,3,2
11073,2,1
11075,2,2
11078,4,3
11087,1,3
11088,2,1
11089,3,3
11093,2,3
11094,1,3
11099,2,1
11100,5,2
11101,2,3
11105,1,1
11106,1,3
11108,4,3
11110,5,1
11111,5,3
11112,5,2
11113,5,3
11115,1,1
11119,2,1
11121,1,3
11122,2,1
11126,2,2
11128,2,3
11136,1,3
11138,2,1
11140,5,3
11145,3,2
11146,4,3
11151,5,3
11153,2,2
11157,3,3
11161,1,1
11162,3,1
11163,1,1
11166,3,1
11167,1,1
11169,3,1
11170,3,3
11177,3,3
11178,5,1
11179,3,1
11180,1,2
11182,5,2
11183,5,2
11185,5,2
11186,4,1
11190,1,1
11192,2,2
11194,2,2
11195,5,1
11196,3,1
11200,2,1
11202,4,1
11203,4,2
11205,1,1
11208,3,2
11211,1,1
11214,5,3
11216,5,1
11217,3,1
11218,2,3
11220,2,1
11221,3,2
11222,5,2
11223,5,2
11226,2,2
11227,2,3
11228,1,1
11229,4,1
11230,2,3
11232,3,1
11234,4,3
11239,1,2
11240,4,3
11241,3,3
11243,3,2
11244,4,3
11247,5,2
11253,4,2
11255,4,1
11257,1,1
11259,1,2
11261,5,1
11265,2,1
11267,2,2
11270,3,3
11284,5,1
11285,3,2
11287,5,2
11288,3,1
11290,3,1
11292,5,2
11295,2,1
11300,2,3
11301,5,2
11306,3,3
11310,5,3
11318,3,1
11319,5,1
11325,4,2
11329,3,3
11333,2,3
11335,2,2
11339,4,1
11342,5,3
11345,3,1
11347,4,1
11348,5,2
11349,4,2
11352,5,3
11355,4,1
11357,4,2
11358,3,3
11359,4,3
11360,2,2
11362,1,2
11363,4,2
11369,4,3
11371,4,3
11372,3,3
11375,2,3
11376,1,2
11379,3,3
11380,4,1
11382,5,2
11383,3,3
11385,4,1
11386,4,1
11387,1,3
11388,5,3
11393,4,3
11395,2,2
11396,4,3
11402,3,1
11403,4,1
11407,5,2
11410,5,1
11412,3,3
11415,5,1
11416,2,2
11417,3,3
11419,3,3
11420,1,3
11421,1,1
11422,5,3
11426,1,2
11430,2,3
11431,4,3
11432,5,2
11438,4,3
11439,5,2
11441,1,1
11448,5,3
11451,1,1
11456,4,1
11460,3,2
11462,3,2
11463,4,1
11464,5,3
11467,5,1
11475,3,2
11477,5,2
11478,3,3
11479,4,3
11480,2,1
11486,2,1
11488,1,1
11493,5,2
11497,3,2
11499,2,1
11501,5,2
11502,3,2
11503,4,3
11505,1,2
11506,5,2
11508,4,3
11509,5,3
11510,3,3
11512,5,1
11517,5,2
11518,2,2
11521,2,1
11522,2,2
11523,3,1
11526,1,3
11528,4,2
11530,1,2
11531,4,1
11534,2,3
11539,1,2
11540,1,3
11546,2,3
11547,1,2
11549,3,3
11550,1,2
11551,1,3
11553,2,1
11555,1,1
11556,5,1
11557,1,3
11558,3,1
11563,2,2
11565,4,2
11566,3,1
11568,2,1
11569,3,2
11571,1,3
11572,5,2
11574,5,1
11575,5,1
11579,4,2
11582,2,3
11584,3,1
11586,2,1
11592,4,3
11593,2,1
11596,5,3
11598,4,3
11601,3,3
11603,4,3
11607,4,3
11610,1,1
11611,4,3
11613,2,3
11614,1,3
11615,1,3
11616,3,2
11617,5,3
11626,5,1
11629,5,1
11630,1,1
11631,3,1
11632,5,2
11636,2,1
11638,4,1
11642,3,1
11646,2,2
11647,4,1
11656,3,2
11664,3,1
11671,2,3
11672,4,3
11675,3,1
11678,4,3
11680,3,2
11684,5,3
11686,5,3
11687,1,2
11688,3,2
11689,4,3
11690,1,2
11695,2,2
11696,1,2
11697,5,3
11698,3,3
11700,4,1
11701,4,3
11703,1,1
11704,4,2
11705,4,3
11706,2,3
11708,3,2
11709,2,3
11712,5,2
11716,3,2
11721,4,1
11722,1,3
11725,2,3
11732,3,1
11735,3,2
11736,5,3
11737,1,2
11739,1,1
11741,5,3
11745,2,2
11746,2,2
11747,2,3
11751,1,3
11752,3,3
11753,4,1
11754,4,2
11755,4,1
11759,4,2
11762,1,2
11765,1,1
11766,2,1
11767,5,3
11768,2,2
11769,1,2
11775,4,2
11777,4,1
11779,4,3
11781,1,1
11785,2,1
11787,5,2
11789,4,1
11793,1,3
11795,2,1
11800,3,2
11806,5,1
11807,1,2
11809,5,3
11810,5,2
11812,2,1
11814,3,2
11815,3,3
11818,4,1
11821,2,3
11822,4,2
11826,3,2
11829,3,2
11830,3,1
11833,3,2
11834,3,3
11836,5,3
11838,4,3
11839,2,3
11844,2,3
11845,5,2
11846,3,1
11847,3,3
11848,1,2
11850,3,1
11856,4,1
11857,4,3
11858,2,3
11860,1,1
11863,4,3
11865,3,3
11867,2,2
11872,5,3
11878,1,3
11879,2,2
11881,3,1
11885,1,2
11888,5,3
11890,3,1
11891,2,3
11897,2,3
11904,4,1
11906,3,2
11907,5,1
11909,4,2
11912,3,2
11915,5,1
11916,4,2
11917,2,1
11919,1,2
11924,1,2
11927,2,2
11931,3,3
11932,5,1
11933,5,2
11934,2,2
11937,5,3
11938,3,2
11941,1,3
11942,1,1
11944,1,1
11946,5,3
11948,3,2
11950,2,2
11952,3,3
11953,2,2
11956,5,1
11962,5,1
11966,5,1
11967,1,1
11968,2,2
11974,5,3
11977,1,2
11978,3,3
11983,4,2
11987,5,3
11988,2,1
11990,3,2
11992,2,1
11993,3,1
11996,5,1
11997,4,3
12001,3,1
12002,3,1
12003,2,1
12008,4,1
12009,2,3
12010,3,2
12012,1,2
12013,2,3
12014,2,2
12015,1,1
12018,2,2
12021,3,2
12022,3,1
12023,4,2
12026,3,2
12029,4,3
12030,3,1
12033,5,1
12034,5,3
12038,2,1
12039,2,3
12041,2,1
12042,1,1
12047,4,3
12048,4,1
12050,5,2
12051,1,1
12052,5,2
12055,2,1
12058,1,3
12061,5,3
12064,2,1
12065,4,3
12068,2,3
12070,4,1
12074,4,1
12076,5,3
12078,4,2
12080,2,3
12081,4,2
12082,5,1
12083,2,2
12084,1,2
12087,5,2
12088,2,1
12095,2,2
12096,1,1
12104,2,2
12106,2,3
12115,1,3
12118,2,3
12120,4,3
12121,2,2
12123,4,3
12124,2,3
12125,1,2
12127,5,3
12128,1,3
12129,1,1
12133,5,1
12135,4,1
12136,4,3
12143,3,3
12149,4,3
12150,4,3
12151,2,2
12154,5,2
12156,2,2
12159,2,3
12162,5,3
12168,1,1
12170,3,3
12174,4,2
12177,5,2
12178,1,3
12179,5,3
12180,3,3
12182,1,1
12185,1,3
12186,3,3
12189,1,1
12191,5,3
12192,5,3
12196,2,1
12198,1,1
12199,2,3
12206,1,1
12208,4,1
12210,2,1
12211,5,2
12213,1,3
12215,2,3
12216,3,1
12217,5,3
12218,1,3
12220,3,1
12221,4,2
12222,5,2
12224,3,2
12225,5,3
12227,2,2
12229,2,1
12232,4,3
12236,2,1
12237,5,3
12239,3,1
12240,4,1
12242,4,3
12243,2,2
12246,5,2
12247,4,1
12248,1,3
12250,1,3
12253,4,3
12257,4,2
12258,4,2
12261,1,3
12267,1,1
12269,3,3
12273,4,2
12274,4,2
12275,2,1
12276,4,3
12279,5,3
12281,1,2
12283,2,3
12286,4,2
12287,4,2
12291,5,2
12295,3,1
12299,5,2
12304,3,2
12305,3,3
12307,2,3
12311,1,3
12312,3,3
12314,4,2
12321,5,3
12328,3,3
12329,5,2
12330,3,2
12332,2,3
12334,1,2
12337,1,3
12346,4,2
12347,1,2
12349,1,1
12350,1,3
12351,1,1
12352,1,2
12353,1,2
12354,3,2
12355,1,3
12356,4,1
12358,2,2
12359,3,1
12360,4,3
12364,5,1
12368,4,3
12371,2,3
12374,3,1
12375,1,3
12379,5,2
12385,1,2
12391,3,3
12392,5,3
12393,3,3
12398,2,2
12399,5,1
12401,4,3
12403,4,2
12407,5,2
12408,3,1
12410,2,3
12411,4,2
12412,5,1
12413,2,3
12414,2,3
12418,5,2
12419,5,2
12422,2,3
12423,4,2
12424,1,3
12425,5,1
12432,1,1
12433,1,3
12442,4,3
12444,1,2
12445,5,2
12446,4,2
12447,1,2
12449,1,3
12451,3,2
12453,1,3
12456,5,3
12457,4,3
12460,5,1
12461,1,2
12466,4,3
12467,3,3
12468,3,1
12469,4,3
12470,3,1
12474,5,3
12475,2,1
12476,4,2
12479,5,1
12480,2,3
12481,3,2
12482,4,2
12483,2,2
12491,2,3
12494,5,2
12499,1,3
12503,2,3
12505,4,2
12508,4,1
12512,5,2
12514,3,3
12516,5,3
12520,1,2
12522,1,3
12525,1,1
12530,5,1
12532,3,2
12534,5,3
12536,2,3
12548,1,2
12551,5,3
12553,2,2
12556,5,3
12557,5,3
12559,4,1
12561,2,3
12564,4,3
12567,5,3
12568,1,1
12570,3,3
12572,1,2
12573,3,2
12574,1,1
